,word,val
0,окружающая среда,1.0
1,природа,13.0
2,природоохранный,5.0
3,портфель,1.0
4,привилегированный,1.0
5,рейтинг,1.0
6,ch4,1.0
7,co2,1.0
8,ghg protocol,1.0
9,scope 1,1.0
10,scope 2 ,1.0
11,борьба,1.0
12,климат,5.0
13,климатический,1.0
14,парниковый газ,17.0
15,экв,1.0
16,co2-эквивалент,1.0
17,n2o,1.0
18,адаптация,1.0
19,активное охлаждение,1.0
20,аномально,1.0
21,вентилирование,1.0
22,ветроэнергетика,1.0
23,возобновлять,1.0
24,высокоуглеродный,1.0
25,геокриологический,1.0
26,гидрофторуглерод,1.0
27,глобальный,1.0
28,гфу,1.0
29,декарбонизация,7.0
30,дорожный,1.0
31,заправка кондиционер,1.0
32,инвентаризация,1.0
33,инновация,5.0
34,интенсивность,3.0
35,интенсивный,1.0
36,ископаемое,3.0
37,карта,1.0
38,количественный,1.0
39,контроль выброс,1.0
40,косвенный энергетический ,1.0
41,кризис,1.0
42,лесной пожар,1.0
43,лесоклиматический,1.0
44,мерзлота,1.0
45,мёрзлый,1.0
46,мёрзлый,1.0
47,мера,1.0
48,метан,3.0
49,методика,1.0
50,многолетнемёрзлый,1.0
51,нагревание,1.0
52,необходимость,2.0
53,низкоуглеродный,1.0
54,обстановка,1.0
55,ограничение,1.0
56,ограничить,1.0
57,осадка,1.0
58,отопление,2.0
59,оттайка,1.0
60,отчётность парниковый газ,1.0
61,охлаждение,1.0
62,пг,1.0
63,плановый,1.0
64,подтопление,1.0
65,потепление,1.0
66,потребление,7.0
67,предотвращать,1.0
68,препятствовать,1.0
69,протокол,1.0
70,прямой выброс,1.0
71,рабочей группа по вопросам раскрытия информация,1.0
72,разграничить,1.0
73,разлив,1.0
74,растепление,1.0
75,расширение,3.0
76,регион,1.0
77,репутационый,1.0
78,ресурсный,1.0
79,ресурсосберегающий,1.0
80,рисковый,1.0
81,с02-экв.,1.0
82,со2-эквивалент,1.0
83,совместный,1.0
84,сокращать,1.0
85,солнечный,2.0
86,среднесрочный,5.0
87,страхование,2.0
88,температура,1.0
89,тепло,1.0
90,теплогенерация,1.0
91,территория,14.0
92,трансграничный углеродный регулирование ,1.0
93,тур,1.0
94,углеводородный,1.0
95,углекислый газ,1.0
96,углерод,1.0
97,углеродный,1.0
98,углеродный единица,1.0
99,углеродный нейтральность,1.0
100,углеродный след,1.0
101,углеродоемкость,1.0
102,уголь,3.0
103,угольный,1.0
104,фрикулинг,1.0
105,хладагент,1.0
106,циркулярный,1.0
107,экспорт,1.0
108,электричество,1.0
109,энерго,1.0
110,энергозатраты,3.0
111,энергопотребление,1.0
112,энергосберегающий,7.0
113,энергосбережение,1.0
114,greenhouse gas (ghg) protocol,1.0
115,ghg,1.0
116,carbon disclosure project,1.0
117,cdp,1.0
118,i-rec,1.0
119,scope 3,1.0
120,ssp,1.0
121,tcfd,2.0
122,адаптационный,3.0
123,безуглеродный,1.0
124,группы риск,1.0
125,краткосрочный,5.0
126,мгэик,1.0
127,межправительственный группа эксперт изменение климат,1.0
128,моделирование,1.0
129,модель,1.0
130,мэа,1.0
131,охват 3 ,1.0
132,прочий косвенный,1.0
133,сахалинский эксперимент,1.0
134,свободный двусторонний договор ,1.0
135,сдд,1.0
136,среднесрочный,5.0
137,гдж,3.0
138,гкал,5.0
139,освещение,2.0
140,светодиодный,3.0
141,энергетический,1.0
142,энергосбережение,1.0
143,энергоэффективный,7.0
144,led,1.0
145,авиатопливо,1.0
146,автоматизировать,1.0
147,автономный,1.0
148,аккумулятор,1.0
149,атом,1.0
150,атомный,3.0
151,атомпроект,1.0
152,бензин,1.0
153,бензиновый,1.0
154,бензол,2.0
155,биотопливо,4.0
156,вентиляция,3.0
157,ветроэнергетика,1.0
158,вид,7.0
159,водород,4.0
160,возобновлять,1.0
161,газовый,1.0
162,газомоторный,1.0
163,газообразный,3.0
164,газоочистный,2.0
165,газоснабжение,1.0
166,генерация,5.0
167,дефицит,3.0
168,замена,3.0
169,интенсивность,3.0
170,коммунальный,5.0
171,кондиционирование,1.0
172,лампа,5.0
173,мазут,4.0
174,мегаватт,1.0
175,минэнерго,1.0
176,моторный,1.0
177,мощность,1.0
178,невозобновляемый,3.0
179,негорючий,1.0
180,нефтегазовый,1.0
181,нефтегазодобыча,1.0
182,нефть,1.0
183,оптимизация,3.0
184,отопление,2.0
185,охлаждение,1.0
186,пара,1.0
187,потеря,1.0
188,потерянный,1.0
189,потребление,7.0
190,потребление,7.0
191,природный газ,3.0
192,продать,1.0
193,режим,3.0
194,результативность,1.0
195,реконструкция,2.0
196,рентабельность,2.0
197,реформа,1.0
198,реформирование,1.0
199,роспотребнадзор,1.0
200,сбережение,1.0
201,себестоимость,1.0
202,сетевой,2.0
203,сетевой,2.0
204,сетка,1.0
205,сжижение газ,1.0
206,сжидить,1.0
207,стабильность энергосистема,1.0
208,станция,3.0
209,субсидирование,1.0
210,субсидия,1.0
211,тариф,11.0
212,тарифный,5.0
213,тепловой,5.0
214,тепловыделяющий,1.0
215,теплогенерация,1.0
216,теплоизоляция,1.0
217,теплообменник,3.0
218,теплообменный,1.0
219,теплоэнергетика,1.0
220,теплоэнергия,1.0
221,территория,14.0
222,терять,1.0
223,технически,1.0
224,технологически,3.0
225,технологичность,1.0
226,топливный,4.0
227,топливный,4.0
228,тренд,1.0
229,тэр,3.0
230,углеродный нейтралитет,1.0
231,утилизация,1.0
232,утилизировать,1.0
233,утилизироваться,1.0
234,экономичность,1.0
235,экономичный,2.0
236,экономия,1.0
237,электрификация,1.0
238,электро,1.0
239,электрокар,1.0
240,электропотребление,5.0
241,электропрофсоюз,1.0
242,электросетевой,2.0
243,электросеть,2.0
244,электростанция,5.0
245,электроэнергия,15.0
246,энергетик,1.0
247,энергетика,2.0
248,энерго,1.0
249,энергоаудит,1.0
250,энергоблок,1.0
251,энергоёмкий,1.0
252,энергоёмкость,7.0
253,энергозатраты,3.0
254,энергокомпания,1.0
255,энергокомплекс,1.0
256,энергоноситель,1.0
257,энергообъект,1.0
258,энергопринимать,1.0
259,энергоресурсы,9.0
260,энергосберегающий,7.0
261,энергосбыт,1.0
262,энергосбытовый,1.0
263,энергосервисный,1.0
264,энергосистема,1.0
265,энергоснабжение,3.0
266,энергоустановка,1.0
267,энергохолдинг,1.0
268,зеленый энергия,1.0
269,breeam,1.0
270,leed,1.0
271,возобновляемый источник энергия,1.0
272,гидроэлектроэнергия,1.0
273,автоматический датчик ,1.0
274,естественное охлаждение,1.0
275,зеленый стандарт,1.0
276,пассивное охлаждение,1.0
277,рекуперация,2.0
278,виэ,3.0
279,фрикулинг,1.0
280,электроэнергия в пар,1.0
281,тепловые насос,1.0
282,электрические котёл,1.0
283,сертификация,2.0
284,no2,1.0
285,so2,3.0
286,атмосфера,17.0
287,атмосферный,7.0
288,двуокись сер,1.0
289,диоксид азот,1.0
290,загрязнение атмосфера,1.0
291,загрязнение воздух,1.0
292,населенный пункт,1.0
293,окись,2.0
294,оксид азот,5.0
295,оксид сер,1.0
296,твердый частица,1.0
297,co,1.0
298,o3,1.0
299,азот,3.0
300,аммиак,1.0
301,бензин,1.0
302,бесцветный,1.0
303,воздух,7.0
304,газообразный,3.0
305,гидроорошение,3.0
306,декарбонизация,7.0
307,диоксид,5.0
308,дисперсный частица,1.0
309,древесина,1.0
310,древесный уголь,2.0
311,загрязнитель,1.0
312,запах,1.0
313,запах,1.0
314,инструментальный,3.0
315,ископаемое,3.0
316,карбонизация,1.0
317,керосин,1.0
318,летучий,3.0
319,максимальный разовый,1.0
320,метан,3.0
321,минеральный пыль,1.0
322,минеральный рудый,1.0
323,неорганический пыль,3.0
324,нефть,1.0
325,нитрат,1.0
326,озон,1.0
327,оксид углерод,7.0
328,плавк,1.0
329,приземный,1.0
330,природный газ,3.0
331,промышленность,1.0
332,пылегазоочистный,1.0
333,пыление,1.0
334,пылеулавливающий,5.0
335,пыль,5.0
336,пылящий поверхность,1.0
337,пэм,1.0
338,рассеивание,1.0
339,расчётный,3.0
340,реакция,1.0
341,резкий,1.0
342,сажа,1.0
343,санитарно-защитный,1.0
344,свет,2.0
345,сгорание,1.0
346,сера,5.0
347,солнечный,2.0
348,сульфат,1.0
349,твёрдый,3.0
350,твердый вещество,1.0
351,токсичный,1.0
352,уголь,3.0
353,удельный выброс,5.0
354,фотохимическть,1.0
355,хлорид натрия,1.0
356,пэк,2.0
357,вода,45.0
358,водный,23.0
359,водный ресурс,1.0
360,водоём,5.0
361,водопользование,3.0
362,водопотребление,11.0
363,гидрологический,5.0
364,грунтовый,1.0
365,дождев,3.0
366,канализация,7.0
367,поверхностный,9.0
368,подземный,5.0
369,потребление,7.0
370,рециклинг,1.0
371,рециркуляция,2.0
372,санитарно-гигиенический,1.0
373,сброс,15.0
374,свежий,1.0
375,сточный,29.0
376,бассейн,1.0
377,бессточный,3.0
378,вододефицитный,1.0
379,водозабор,11.0
380,водозаборный,1.0
381,водоканал,1.0
382,водоносный горизонт,3.0
383,водоотведение,5.0
384,водоохранный,5.0
385,водоочистка,1.0
386,водоподготовка,1.0
387,водопровод,1.0
388,водоснабжение,19.0
389,водоток,2.0
390,водохранилище,5.0
391,дефицит,3.0
392,донный,3.0
393,дренажный,5.0
394,забор,1.0
395,коммунальный,5.0
396,ливневый,5.0
397,лицензия,1.0
398,морской,5.0
399,муниципальный,3.0
400,наводнение,2.0
401,назначение,1.0
402,насос,1.0
403,насосный,1.0
404,непресный,1.0
405,нитрат,1.0
406,оборотный,11.0
407,озеро,2.0
408,осадка,1.0
409,отложение,3.0
410,очистка,9.0
411,очистный,7.0
412,питьевой,3.0
413,повторный использование,7.0
414,пресный,3.0
415,приток,1.0
416,разрешение,5.0
417,расходомер,3.0
418,река,13.0
419,реконструкция,2.0
420,речной,1.0
421,рыболовство,1.0
422,сбрасывать,3.0
423,сбросовый,7.0
424,сверхнормативный,5.0
425,скважина,2.0
426,сооружение,7.0
427,сточный,29.0
428,сульфат,1.0
429,счётчик,3.0
430,фильтр,1.0
431,фильтрация,1.0
432,фильтровать,1.0
433,фильтроваться,3.0
434,хозяйственно-питьевой,1.0
435,жироуловитель,1.0
436,замкнутый водоснабжение,5.0
437,замкнутый цикл,1.0
438,мнокократный,1.0
439,оборотный,11.0
440,счетчик расход,1.0
441,i,1.0
442,ii,1.0
443,iii,1.0
444,iv,1.0
445,v,1.0
446,вторичный,6.0
447,вторсырьё,1.0
448,замкнутый,6.0
449,класс опасность,1.0
450,лицензия,1.0
451,малоопасный,1.0
452,неопасный,1.0
453,обезвреживание,1.0
454,опасные отход,1.0
455,отход,10.0
456,переработать,1.0
457,пластик,1.0
458,потребление,7.0
459,раздельный сбор,1.0
460,рециклинг,1.0
461,сбор,1.0
462,тбо,1.0
463,твердый бытовой отход ,1.0
464,твердый коммунальный отход,1.0
465,тко,1.0
466,упаковка,2.0
467,хвостохранилище,2.0
468,циклический,1.0
469,безвредный,1.0
470,бытовой,2.0
471,вес,1.0
472,вредный,4.0
473,вторичный ресурс,1.0
474,документооборот,4.0
475,жизнь,2.0
476,загрязнение,2.0
477,захоронение,1.0
478,зелёный,4.0
479,инспекция,1.0
480,кек,1.0
481,малоопасный отходы,1.0
482,многоразовый,1.0
483,мусор,1.0
484,неэкологичный,1.0
485,обработка,2.0
486,одноразовый,1.0
487,окружающий,14.0
488,осознанный потребление,1.0
489,переход,4.0
490,разрешение,5.0
491,регенерация,1.0
492,складировать,1.0
493,сырьё,4.0
494,упаковочный материал,1.0
495,утилизация,1.0
496,фандомат,1.0
497,хвост,1.0
498,цифровизация,1.0
499,шлам,1.0
500,экономика,2.0
501,экоупаковка,1.0
502,forest stewardship council,1.0
503,сертификация,2.0
504,повторный,6.0
505,электронный документооборот,1.0
506,полусухой,1.0
507,iso 14044,1.0
508,iso 14040,1.0
509,повторно,2.0
510,вторичный,6.0
511,повторный использование ,1.0
512,fsc,2.0
513,вид,7.0
514,дикий,3.0
515,естественный,3.0
516,животное,13.0
517,заказник,1.0
518,заповедник,1.0
519,краснокнижный,5.0
520,красный книга,13.0
521,место обитание,7.0
522,миграционный,1.0
523,млекопитающее,7.0
524,охрана природа,11.0
525,охранять,13.0
526,природа,13.0
527,природоохранный,5.0
528,рекультивация,2.0
529,фауна,3.0
530,флора,3.0
531,экосистема,5.0
532,эндемичный,1.0
533,амурский,5.0
534,арктика,1.0
535,белый медведь,1.0
536,береговой,1.0
537,биопроба,1.0
538,благополучие,1.0
539,ведомство,1.0
540,весенний,1.0
541,ветеринарный,1.0
542,вид,7.0
543,вырубка,1.0
544,гнездование,9.0
545,дальневосточный,5.0
546,дерево,1.0
547,ель,1.0
548,зарыбление,1.0
549,землепользование,1.0
550,институт,1.0
551,исчезать,3.0
552,кедр,1.0
553,косвенный,1.0
554,кустарник,1.0
555,кустарничка,1.0
556,леопард,1.0
557,лес,5.0
558,лесовосстановление,3.0
559,лиственница,1.0
560,методический,1.0
561,миграционный,1.0
562,миграция,1.0
563,мигрировать,3.0
564,морской,5.0
565,насекомое,1.0
566,научный,3.0
567,непоправимый,1.0
568,озеленение,1.0
569,островной,1.0
570,отлов,1.0
571,охота,1.0
572,охранять,13.0
573,охраняемый территория,1.0
574,подвид,1.0
575,популяция,3.0
576,почва,2.0
577,почвенный,1.0
578,промысловый вид,1.0
579,птицезащитный,3.0
580,редкий,13.0
581,рекультивированный,1.0
582,рыбозащитный,1.0
583,рыболовство,1.0
584,саженец,1.0
585,самка,1.0
586,сопровождение,2.0
587,сосна,1.0
588,сохранение,23.0
589,союз,5.0
590,тигр,1.0
591,трава,1.0
592,транслокация,1.0
593,угодье,5.0
594,учёный,1.0
595,уязвимый,1.0
596,эколог,1.0
597,восстановить,2.0
598,земельный,1.0
599,реабилитация,1.0
600,рекультивация,2.0
601,рекультивированный,1.0
602,эрозионный,1.0
603,эрозия,1.0
604,агрохимический,1.0
605,борьба,1.0
606,верхний,1.0
607,возвращение,1.0
608,выделение,2.0
609,выделить,4.0
610,геоботанический,1.0
611,доступный,1.0
612,загрязнение,2.0
613,загрязнитель,1.0
614,земля,2.0
615,интенсивность,3.0
616,инфильтрация,1.0
617,корнеообразование,1.0
618,ландшафт,2.0
619,ликвидация,2.0
620,максимальный,2.0
621,микроорганизм,2.0
622,надёжность,2.0
623,накопление,2.0
624,накопить,2.0
625,невосстановленный,1.0
626,необходимый,2.0
627,оборот,2.0
628,обустройство,2.0
629,откос,1.0
630,поверхностный,9.0
631,подземный,5.0
632,полевой,4.0
633,почва,2.0
634,почвенно-растительный,1.0
635,почвенный,1.0
636,растение,8.0
637,скорость,1.0
638,сооружение,7.0
639,сохранение,23.0
640,стабилизация,1.0
641,ущерб,1.0
642,epd,1.0
643,fsc,2.0
644,lca,1.0
645,вторичный,6.0
646,вторсырьё,1.0
647,вторсырьё,1.0
648,гуманный,1.0
649,декларация,9.0
650,листок жизнь,1.0
651,маркировка,1.0
652,натуральный,1.0
653,ожц,1.0
654,органик,1.0
655,органический,2.0
656,отвественный,1.0
657,переработать,1.0
658,понизить,2.0
659,сертифицированный,1.0
660,сертифицировать,4.0
661,сертифицировать,4.0
662,экомаркировка,3.0
663,ecolabel,1.0
664,energy star,1.0
665,eu flower,1.0
666,global organic textile standart,1.0
667,organic,1.0
668,вода,45.0
669,выращивание,1.0
670,выращивать,1.0
671,зелёный,4.0
672,конкурс,1.0
673,надёжный,1.0
674,оценка жизненного цикл,1.0
675,потребление,7.0
676,производитель,2.0
677,процесс производство,1.0
678,синтетический,1.0
679,сырьё,4.0
680,эксперт,3.0
681,доля женщина,1.0
682,гендерный,1.0
683,права человек,1.0
684,дискриминация,5.0
685,мужчина,1.0
686,трудоустройство,1.0
687,текучесть,1.0
688,текучесть кадр,1.0
689,компетенция,1.0
690,мягкий навык,1.0
691,навык,2.0
692,семинар,1.0
693,стажировка,1.0
694,талант,1.0
695,тренинг,3.0
696,умение,1.0
697,учебный,2.0
698,fast tract learning,1.0
699,ftl,1.0
700,welcome-обучение,1.0
701,адаптационный,3.0
702,адаптация,1.0
703,адаптировать,6.0
704,академия,1.0
705,библиотека,1.0
706,вебинар,2.0
707,видеоролик,1.0
708,внешний обучение,1.0
709,внутренний обучение,1.0
710,внутренний тренер,1.0
711,второй профессия,1.0
712,вуз,1.0
713,высшее образование,1.0
714,деловая игра,1.0
715,деловая компетенция,1.0
716,директор по обучению и развитие,1.0
717,дистанционный,2.0
718,доставка обучение,1.0
719,заведение,1.0
720,занятие,1.0
721,игра,1.0
722,индивидуальный,2.0
723,интерактивный,1.0
724,кадровый резерв,1.0
725,кадровый ресурс,1.0
726,карьерный сессия,1.0
727,количество час,1.0
728,компетентность,1.0
729,конструктивный,1.0
730,конференция,4.0
731,краткосрочный,5.0
732,кросс-форматный,1.0
733,лекторий,1.0
734,лекция,1.0
735,маркетплейс,1.0
736,ментор,1.0
737,менторский,1.0
738,менторство,1.0
739,модульный,1.0
740,навык,2.0
741,наставник,1.0
742,наставничество,1.0
743,начальный подготовка,1.0
744,образование,4.0
745,образовательный,2.0
746,обучать,1.0
747,обучение руководитель,1.0
748,обучить,2.0
749,онлайн-платформа,1.0
750,оплачиваемый стажировка,1.0
751,организационно-управленческий,1.0
752,оценка персонал,1.0
753,оценочный,1.0
754,перспективный специалист,1.0
755,платформа,2.0
756,повышение квалификация,1.0
757,портал,1.0
758,практический,2.0
759,преемственность,1.0
760,просветительский,1.0
761,профессиональный компетенция,1.0
762,профессиональный стандарт,1.0
763,профессиональныйпереподготовка,1.0
764,профориентационный,1.0
765,публичные выступление,1.0
766,ревить,1.0
767,регламент в образование,1.0
768,саморазвитие,1.0
769,семинар,1.0
770,семинар,1.0
771,сессия,1.0
772,система обучение,1.0
773,система обучение,1.0
774,системно,1.0
775,слушатель,2.0
776,совершенствоваться,2.0
777,специализировать,2.0
778,среда развитие,1.0
779,стандартизированный программа,1.0
780,стратегия обучение,1.0
781,тайм-менеджмент,1.0
782,тема семинар,1.0
783,теоретическое занятие,1.0
784,технологический обучение,1.0
785,трек,1.0
786,тренинг,3.0
787,учебный,2.0
788,форум,2.0
789,эксперт,3.0
790,экспертный,1.0
791,электронный библиотека,1.0
792,электронный курс,1.0
793,эмоциональный интеллект,1.0
794,worldskills,1.0
795,ассесмент,1.0
796,ассесмент-центр,1.0
797,база знание,1.0
798,конкурс профессиональный мастерство,1.0
799,корпоративная стипендия,1.0
800,корпоративный система обучение,1.0
801,корпоративный университет,1.0
802,льготный образование,1.0
803,международный чемпионат,1.0
804,мобильность,1.0
805,профессиональный мастерство,1.0
806,соревнование ,1.0
807,учебно-исследовательский центр,1.0
808,финалист,1.0
809,чемпионат,1.0
810,вовлечённость,1.0
811,измерение,1.0
812,лояльность,2.0
813,мотивация,2.0
814,опрос,1.0
815,дискриминация,5.0
816,комфорт,1.0
817,мотивированный,1.0
818,недопущение дискриминация,2.0
819,обязательный труд,1.0
820,отказ от предвзятость,1.0
821,польза общество,1.0
822,права человек,1.0
823,предвзятость,1.0
824,привилегированное положение,1.0
825,прием на работа,1.0
826,принудительный труд ,1.0
827,справедливое условие,1.0
828,стабильность,3.0
829,уважение,1.0
830,оценка рисков ,1.0
831,права человек,1.0
832,enps,1.0
833,вознаграждение,2.0
834,грейд,1.0
835,грейдирование,1.0
836,заработный плата,1.0
837,разница,1.0
838,разница в оплата труд,1.0
839,активность,2.0
840,базовый оклад,1.0
841,бессрочный трудовой договор,1.0
842,годовой премия,1.0
843,динамичный,1.0
844,дискриминация,5.0
845,должностный,1.0
846,должность,1.0
847,достойный,2.0
848,ежемесячный,1.0
849,зарплата,1.0
850,зона отдых,2.0
851,иерархия,1.0
852,индексация,8.0
853,квартальный,2.0
854,компетентность,1.0
855,компетенция,1.0
856,лояльность,2.0
857,льгота,2.0
858,материнство,1.0
859,медицинский обслуживание ,1.0
860,минимальный размер,1.0
861,мониторинг вознаграждение,1.0
862,мотивация,2.0
863,навык,2.0
864,награда,1.0
865,не зависеть,1.0
866,нетрудоспособность,1.0
867,оклад,1.0
868,оплата труд,1.0
869,отпуск,1.0
870,отсутствие,2.0
871,отцовство,1.0
872,оценка должность,1.0
873,пересмотр заработных плат ,1.0
874,персональный,4.0
875,пол,3.0
876,политика мотивация,1.0
877,политика оплата труд,1.0
878,политика по оплата труд,1.0
879,положение об оплата труд,1.0
880,премирование,1.0
881,премия,2.0
882,принцип равенство,1.0
883,ранжирование должность,1.0
884,результативность сотрудник,1.0
885,система оплата,1.0
886,соблюдать ,1.0
887,соотношение,2.0
888,соотношение заработный плата,1.0
889,соотношение уровень оплата труд,1.0
890,социальный льгота,2.0
891,средний доход,1.0
892,стандартный,2.0
893,стимулирование,2.0
894,удержание,2.0
895,улучшение условий труд,1.0
896,фиксировать,2.0
897,management by behavioral indicators,1.0
898,management by objectives,1.0
899,mbi,1.0
900,mbo,1.0
901,shl,1.0
902,дмс,1.0
903,доплата по листка,1.0
904,кпэ,2.0
905,льгота,2.0
906,материальная помощь,1.0
907,питание для сотрудник,1.0
908,равноправие,1.0
909,скидка,3.0
910,страхование,2.0
911,благополучие,1.0
912,жилищный,1.0
913,здоровый,2.0
914,отдых,2.0
915,спорт,1.0
916,спортивный,1.0
917,фитнес,1.0
918,аренда,1.0
919,волейбол,1.0
920,восстановительный,1.0
921,выходный пособие,1.0
922,госпитализация,1.0
923,группа продленного дний,1.0
924,группа продлённого дний,1.0
925,детский лагерь,1.0
926,детский сад,1.0
927,дмс,1.0
928,защита здоровье,1.0
929,ипотечный взнос,1.0
930,компенсировать,2.0
931,наесть,1.0
932,неприкосновенность частной жизнь,1.0
933,оздоровительная программа,1.0
934,организация досуг,1.0
935,право,23.0
936,проезд,2.0
937,путёвка,1.0
938,реабилитационно-восстановительный,1.0
939,рекреационный,1.0
940,санаторий,1.0
941,санаторий,1.0
942,санаторно-курортный,1.0
943,спорт,1.0
944,спортивный,1.0
945,стресс,1.0
946,теннис,1.0
947,улучшать,2.0
948,фитнес-центр,1.0
949,футбол,1.0
950,хоккей,1.0
951,экстренный,1.0
952,вакансия,1.0
953,конкурс,1.0
954,наесть,1.0
955,приём,2.0
956,резюме,1.0
957,собеседование,1.0
958,трудовой,2.0
959,трудоустройство,1.0
960,увольнение,3.0
961,возрастной,1.0
962,востребовать,1.0
963,гендерный,1.0
964,дискриминация,5.0
965,заключение,5.0
966,испытательный,1.0
967,кзот,1.0
968,контракт,2.0
969,критерий,2.0
970,молодёжь,1.0
971,непредвзятый,1.0
972,помогать,2.0
973,приём,2.0
974,продление,1.0
975,профориентация,1.0
976,расторжение,1.0
977,релокация,1.0
978,релоцировать,1.0
979,сокращать,1.0
980,сообщить,2.0
981,штат,3.0
982,этап отбор,1.0
983,этнический,1.0
984,кодекс,1.0
985,миссия,1.0
986,мотивация,2.0
987,взаимоуважение,1.0
988,деловой,2.0
989,демократичный,2.0
990,клиентоориентированность,1.0
991,конфликт интерес,7.0
992,лидерство,1.0
993,мультикультурный,1.0
994,обмен опыт,1.0
995,обсуждение,1.0
996,общекорпоративный,1.0
997,ориентир,1.0
998,открытость,1.0
999,поведение,8.0
1000,принципиальный,1.0
1001,равенство,1.0
1002,уважать ,1.0
1003,уважение,1.0
1004,честность,2.0
1005,этика,15.0
1006,этический,4.0
1007,измерение,1.0
1008,измерить,1.0
1009,аварийность,1.0
1010,авария,2.0
1011,отипб,1.0
1012,система управления  отипб,1.0
1013,суот,1.0
1014,травматизм,1.0
1015,ltif,1.0
1016,ltifr,1.0
1017,ltisr,1.0
1018,trifr,1.0
1019,антисон,1.0
1020,аудитор,5.0
1021,безаварийный,1.0
1022,вибрационный болезнь,1.0
1023,вино,1.0
1024,вина третьих лица,1.0
1025,внеплановый,1.0
1026,вовлечение,1.0
1027,вождение,1.0
1028,врач,1.0
1029,временный,1.0
1030,выявление,10.0
1031,гигиена,1.0
1032,групповой,2.0
1033,дежурный,1.0
1034,диалог,2.0
1035,дирекция,2.0
1036,дтп,1.0
1037,заболевание,1.0
1038,инженер,1.0
1039,инспекция,1.0
1040,инструктаж,2.0
1041,инструкция,2.0
1042,интоксикация,1.0
1043,инцидент,1.0
1044,камера видеонаблюдение,1.0
1045,комфортный,2.0
1046,коэффициент временный потеря трудоспособность,1.0
1047,коэффициент травматизма среди сотрудник,1.0
1048,коэффициент тяжести травма,1.0
1049,коэффициент частоты травматизм,1.0
1050,культура безопасность,1.0
1051,медицинский осмотр,1.0
1052,микроповреждение,1.0
1053,на рабочем место,1.0
1054,нарушение требований охраны труд,1.0
1055,нарушение требований охраны труда сотрудниками подрядных организация,1.0
1056,наряд-допуск,1.0
1057,неосторожность,1.0
1058,неосторожный,1.0
1059,несчастный случать,1.0
1060,нетрудоспособность,1.0
1061,нулевой уровень,1.0
1062,оказание первый помощь,1.0
1063,оповещение,1.0
1064,организационный,2.0
1065,отиб,1.0
1066,охранное освещение,1.0
1067,оценка рисков отипб,1.0
1068,оценка условий труд,1.0
1069,падение с высота,1.0
1070,подрядный,6.0
1071,подрядчик,2.0
1072,пожар,2.0
1073,пожарный безопасность,1.0
1074,политика в область охрана труд,1.0
1075,положение о системе управления охраной труд,1.0
1076,положение о суот,1.0
1077,поражение,2.0
1078,порядок обучение,1.0
1079,поскальзывание,1.0
1080,потенциально,2.0
1081,потери рабочего временить,1.0
1082,потеря,1.0
1083,потерять,1.0
1084,правила охраны труд,1.0
1085,производственная безопасность,1.0
1086,профзаболевание,1.0
1087,рабочий место,2.0
1088,расследование,1.0
1089,результаты исследование,1.0
1090,серьёзный,2.0
1091,сизый,1.0
1092,система управление,1.0
1093,слух,7.0
1094,смертельный,1.0
1095,специальная оценка,1.0
1096,спотыкание,1.0
1097,спотыкаться,1.0
1098,средство индивидуальный защита,1.0
1099,травма,1.0
1100,травматизм,1.0
1101,тренинг,3.0
1102,тугоухость,1.0
1103,тяжёлый,2.0
1104,тяжёлый ,1.0
1105,угрожать,2.0
1106,угроза,1.0
1107,уровень воздействие,2.0
1108,уровень развитие,1.0
1109,условия труд,1.0
1110,iso 45001,1.0
1111,ohsas 18001,1.0
1112,внешний аудит,1.0
1113,ежемесячный аудит,1.0
1114,зрелость,1.0
1115,зрелый,1.0
1116,исо 45001,1.0
1117,кодекс поведение,5.0
1118,маршрут движение,1.0
1119,поведенческий аудит,1.0
1120,проактивный,1.0
1121,ресертификация системы управления отипб ,1.0
1122,чек-лист,1.0
1123,защита интерес,1.0
1124,профсоюз,2.0
1125,профсоюзный,1.0
1126,член профсоюз,1.0
1127,акт,4.0
1128,взаимоотношение,1.0
1129,выезжающий за рубеж,1.0
1130,гарантия,3.0
1131,дмс,1.0
1132,добровольный медицинский страхование,1.0
1133,заработный плата,1.0
1134,зарплата,1.0
1135,инспектор,1.0
1136,льгота,2.0
1137,льготный,4.0
1138,медицинский,1.0
1139,объединение,1.0
1140,оздоровление,1.0
1141,партнёрство,1.0
1142,письменный,2.0
1143,полис,4.0
1144,право,23.0
1145,правозащитный,1.0
1146,приём,2.0
1147,психологический помощь,1.0
1148,разъяснение,1.0
1149,разъяснять,1.0
1150,свобода,2.0
1151,софинансировать,1.0
1152,социально-трудовой,1.0
1153,социальный гарантия,1.0
1154,социальный пакет,1.0
1155,страхование,2.0
1156,страхование родственник,1.0
1157,страховка,1.0
1158,труд,6.0
1159,трудовой,2.0
1160,уполномоченный,3.0
1161,льготный займ,1.0
1162,спорт,1.0
1163,йог,1.0
1164,компенсация питание,1.0
1165,скидка,3.0
1166,тренер,1.0
1167,онлайн-тренировка,1.0
1168,бег,1.0
1169,покупка жильё,1.0
1170,доступность,5.0
1171,доступный,1.0
1172,движение,1.0
1173,заказ,4.0
1174,зрение,5.0
1175,инвалид,1.0
1176,инвалидное кресло,1.0
1177,магазин,3.0
1178,малоимущий,1.0
1179,малообеспеченный,1.0
1180,недоступный,1.0
1181,недоступный,1.0
1182,необходимость,2.0
1183,неудовлетворённый,1.0
1184,низкий доход,1.0
1185,онлайн,1.0
1186,отдалить,3.0
1187,офис,2.0
1188,пенсионер,1.0
1189,подъёмник,1.0
1190,подъёмник,1.0
1191,пожилой,1.0
1192,покупатель,3.0
1193,покупать,1.0
1194,покупка,2.0
1195,потребление,7.0
1196,приобретать,1.0
1197,приобретение,2.0
1198,равный доступ,2.0
1199,расширение,3.0
1200,расширять,2.0
1201,речь,3.0
1202,складное кресло,1.0
1203,слой население,1.0
1204,слух,7.0
1205,товар,2.0
1206,удалённый,4.0
1207,удовлетворить,1.0
1208,упростить,1.0
1209,упрощать,1.0
1210,заказчик,2.0
1211,покупатель,3.0
1212,потребитель ,1.0
1213,буклет,1.0
1214,диалог,2.0
1215,жалоба,1.0
1216,заочный,1.0
1217,звонок,4.0
1218,интерактивный,1.0
1219,интернет,2.0
1220,интернет,2.0
1221,информированность,2.0
1222,кабинет,4.0
1223,консультант,2.0
1224,консультация,1.0
1225,консультирование,1.0
1226,круглосуточный,1.0
1227,обработка,2.0
1228,обученный,1.0
1229,объективность,1.0
1230,объективный,1.0
1231,ожидание,1.0
1232,ожидать,2.0
1233,онлайн,1.0
1234,ответ,1.0
1235,офис,2.0
1236,очный,2.0
1237,письмо,2.0
1238,покупатель,3.0
1239,поступать,4.0
1240,поступить,2.0
1241,потребитель ,1.0
1242,почта,2.0
1243,приёмный,1.0
1244,приёмный,1.0
1245,реагирование,1.0
1246,реагировать,2.0
1247,реакция,1.0
1248,регистрация,2.0
1249,рекламный,1.0
1250,решать,1.0
1251,сервисный,1.0
1252,служащий,1.0
1253,стандарт обслуживание,1.0
1254,телефон,1.0
1255,точка взаимодействие,1.0
1256,точка контакт,1.0
1257,база дать,1.0
1258,информационный технология,2.0
1259,персональный дать,1.0
1260,утечка,2.0
1261,gdpr,1.0
1262,general data protection regulation,1.0
1263,авария,2.0
1264,аноним,1.0
1265,анонимный,3.0
1266,антивирусный,1.0
1267,взлом,1.0
1268,гарантия,3.0
1269,допустить,1.0
1270,кибер-атака,1.0
1271,киберпреступник,1.0
1272,конечный ,1.0
1273,кража,1.0
1274,мошенник,1.0
1275,мошеннический,1.0
1276,мошенничество,7.0
1277,надёжно,1.0
1278,надёжный,1.0
1279,нежелательный,1.0
1280,обеспечение конфиденциальность,1.0
1281,облако,1.0
1282,обман,1.0
1283,обработка,2.0
1284,персональный,4.0
1285,подозрительный,1.0
1286,покупатель,3.0
1287,потеря,1.0
1288,сервер,1.0
1289,устанавливать,2.0
1290,учетный система,1.0
1291,фишинга,1.0
1292,хакер,1.0
1293,хранить,1.0
1294,хранить,1.0
1295,храниться,1.0
1296,центр обработка,1.0
1297,гибридный,1.0
1298,частный,1.0
1299,благополучие,1.0
1300,будущее,2.0
1301,гармоничный,1.0
1302,гармония,1.0
1303,жизнь,2.0
1304,зож,1.0
1305,образ жизнь,1.0
1306,осмыслить,1.0
1307,осознанный,1.0
1308,покупатель,3.0
1309,правильный,2.0
1310,просвещение,1.0
1311,сбалансированный,1.0
1312,семья,1.0
1313,ребёнок,2.0
1314,диета,1.0
1315,занятие спорт,1.0
1316,культурный жизнь,1.0
1317,образование,4.0
1318,спорт,1.0
1319,физический активность,1.0
1320,фитнес,1.0
1321,зрение,5.0
1322,слух,7.0
1323,маломобильный,4.0
1324,кресло-коляска,1.0
1325,собака-проводник,1.0
1326,субтитр,2.0
1327,тифлокомментарий,2.0
1328,возможность здоровие,1.0
1329,абонент,2.0
1330,воронка продажа,1.0
1331,звонок,4.0
1332,кампания,1.0
1333,канал сбыт,1.0
1334,коммерческий,2.0
1335,контакт,1.0
1336,маркетинг ,1.0
1337,маркетинговый,2.0
1338,обслуживание клиент,2.0
1339,обслуживать,1.0
1340,письмо,2.0
1341,покупатель,3.0
1342,потребитель ,1.0
1343,реклама,1.0
1344,спам,1.0
1345,e-commerce,1.0
1346,агент,1.0
1347,аналитика,1.0
1348,ребёнок,2.0
1349,дистрибьютор,1.0
1350,дистрибьюторский,1.0
1351,дисциплина поставка,1.0
1352,женщина,2.0
1353,заявка,1.0
1354,интеграция,2.0
1355,каталог,1.0
1356,клиентский путь,1.0
1357,ключевой клиент,1.0
1358,кодекс,1.0
1359,конъюнктура,2.0
1360,личный кабинет,4.0
1361,лояльность,2.0
1362,лояльный,2.0
1363,манипулирование,1.0
1364,несовершеннолетний,1.0
1365,обратная связь,1.0
1366,оскорбительный,1.0
1367,оскорбление,1.0
1368,отгрузка,1.0
1369,отработка,1.0
1370,персонализация,2.0
1371,повторный,6.0
1372,покупка,2.0
1373,предложение,5.0
1374,претензия,1.0
1375,привилегия,4.0
1376,привязанность,1.0
1377,привязанность,1.0
1378,программа лояльность,4.0
1379,продажи ,1.0
1380,продвижение,2.0
1381,путь клиента ,1.0
1382,ребёнок,2.0
1383,сбыт,1.0
1384,секс,1.0
1385,сексуальный,1.0
1386,скидка,3.0
1387,совместный,1.0
1388,справочник клиент,1.0
1389,стандарт обслуживание,1.0
1390,структура потребление,1.0
1391,товарный,1.0
1392,торговая площадка,1.0
1393,точка взаимодействие,1.0
1394,точка контакт,1.0
1395,уважение,1.0
1396,уважительный,2.0
1397,уязвимый,1.0
1398,этичный,4.0
1399,ами,1.0
1400,когнитивный,1.0
1401,кодекс,1.0
1402,рекламный совет,1.0
1403,ассоциация маркетинговый индустрия,1.0
1404,умный продвижение ,1.0
1405,горячая линия,1.0
1406,жалоба,1.0
1407,измерение,1.0
1408,изучение,2.0
1409,интервью,1.0
1410,клиентоориентированность,1.0
1411,лояльность,2.0
1412,ожидание,1.0
1413,опрос,1.0
1414,покупатель,3.0
1415,удовлетворение,1.0
1416,удовлетворенность ,1.0
1417,csi,1.0
1418,анкета,1.0
1419,визит,1.0
1420,ежедневно,1.0
1421,ежеквартально,2.0
1422,ежемесячно,2.0
1423,еженедельно,1.0
1424,заявка,1.0
1425,индекс,1.0
1426,кампания,1.0
1427,клиентоориентировать,1.0
1428,клиентский,2.0
1429,личный кабинет,4.0
1430,магазин,3.0
1431,необоснованно,1.0
1432,необоснованный,1.0
1433,онлайн,1.0
1434,отзыв,1.0
1435,отрицательный,2.0
1436,подавлять,1.0
1437,положительный,2.0
1438,потребительский,1.0
1439,предложение,5.0
1440,промоакция,1.0
1441,реклама,1.0
1442,рекламный,1.0
1443,свидетельствовать,2.0
1444,согласиться,1.0
1445,спрос,3.0
1446,сравнительный анализ,1.0
1447,телефонный,1.0
1448,удовлетворённость,2.0
1449,урегулировать,1.0
1450,цена,7.0
1451,индекс потребительской лояльности ,1.0
1452,nps,1.0
1453,net promoter score,1.0
1454,безопасность продукт,1.0
1455,безопасность услуга,1.0
1456,брак,1.0
1457,возврат,1.0
1458,вредный,4.0
1459,гигиенический,1.0
1460,гост,1.0
1461,жалоба,1.0
1462,маркировка,1.0
1463,некачественный,1.0
1464,нестандартный,1.0
1465,отзыв,1.0
1466,покупатель,3.0
1467,претензия,1.0
1468,реагирование,1.0
1469,санитарный,1.0
1470,сертифицированный,1.0
1471,сырьё,4.0
1472,тестирование,2.0
1473,товар,2.0
1474,токсичный,1.0
1475,антисанитарный,1.0
1476,ассортимент,2.0
1477,бесперебойный,2.0
1478,вещество,4.0
1479,выездной,1.0
1480,гигиена,1.0
1481,дистанционный,2.0
1482,доверительный,2.0
1483,доверять,1.0
1484,заказчик,2.0
1485,злоупотребление,1.0
1486,ингредиент,1.0
1487,кастомизировать,1.0
1488,клиентский,2.0
1489,конкурентоспособность,2.0
1490,корректировать,2.0
1491,наименование,1.0
1492,нарушать,2.0
1493,непищевой,1.0
1494,неэкологичный,1.0
1495,нормирование,1.0
1496,образец,2.0
1497,оптимизация,3.0
1498,оптимизировать,2.0
1499,отход,10.0
1500,пищевой ,1.0
1501,пластиковый,1.0
1502,поиск,2.0
1503,продажа,2.0
1504,продуктовый,2.0
1505,регламент,2.0
1506,санитария,1.0
1507,снимать,1.0
1508,тариф,11.0
1509,тренд,1.0
1510,ядовитый,1.0
1511,fscc,1.0
1512,диплом,1.0
1513,добросовестно,1.0
1514,добросовестный,1.0
1515,заблокировать,1.0
1516,золотой,1.0
1517,зрение,5.0
1518,кресло-коляска,1.0
1519,лидер,1.0
1520,маломобильный,4.0
1521,медаль,1.0
1522,недобросовестный,1.0
1523,недобросовестный,1.0
1524,нежелательный,1.0
1525,ограниченный возможность здоровие,1.0
1526,органический сертификация,1.0
1527,победитель,1.0
1528,призёр,1.0
1529,серебрять,1.0
1530,слух,7.0
1531,собака-проводник,1.0
1532,справедливо,1.0
1533,справедливость,3.0
1534,справедливый,2.0
1535,субтитр,2.0
1536,тифлокомментарий,2.0
1537,цур,4.0
1538,этичный,4.0
1539,доступность,5.0
1540,доступный,1.0
1541,политика ценообразование,1.0
1542,стратегия ценообразование,1.0
1543,цена,7.0
1544,ценовой,3.0
1545,ценообразование,5.0
1546,автоплатёж,1.0
1547,автоплатёж,1.0
1548,бедность,1.0
1549,бюджет,1.0
1550,бюджетный,2.0
1551,выгодный,3.0
1552,высокомаржинальный,1.0
1553,демократичный,2.0
1554,ребёнок,2.0
1555,дефицитный,1.0
1556,заказчик,2.0
1557,заморозить,1.0
1558,инфляция,3.0
1559,конвергентный,1.0
1560,контракт,2.0
1561,кризисный,1.0
1562,лояльность,2.0
1563,малоимущий,1.0
1564,малообеспеченный,1.0
1565,несовершеннолетний,1.0
1566,нуждаться,1.0
1567,пенсионер,1.0
1568,пожилой,1.0
1569,покупатель,3.0
1570,покупательский,1.0
1571,постоянный,1.0
1572,предложение,5.0
1573,премиальный,2.0
1574,прибыль,3.0
1575,расти,1.0
1576,рентабельность,2.0
1577,скидка,3.0
1578,спрос,3.0
1579,стабильность,3.0
1580,тариф,11.0
1581,тарифный,5.0
1582,убыток,1.0
1583,фиксация,1.0
1584,фиксирование,1.0
1585,фиксированный ,1.0
1586,фудшеринг,1.0
1587,ценностный,1.0
1588,элитный,3.0
1589,среднерыночный,1.0
1590,дискриминация,5.0
1591,ценовой дискриминация,1.0
1592,справедливо,1.0
1593,справедливость,3.0
1594,справедливый,2.0
1595,этика,15.0
1596,этично,1.0
1597,этичный ,1.0
1598,антикоррупционный,9.0
1599,взаимовыгодный,1.0
1600,закупочный,1.0
1601,кодекс,1.0
1602,надёжный,1.0
1603,следить,3.0
1604,соблюдение,7.0
1605,сотрудничать,2.0
1606,субподрядчик,1.0
1607,устойчивое развитие,1.0
1608,этический,4.0
1609,индивидуальный предприниматель,1.0
1610,ип,1.0
1611,конкурс,1.0
1612,малый бизнес,1.0
1613,малый и средний бизнес,1.0
1614,малый предприятие,1.0
1615,малый предприятие,1.0
1616,малый средний предприятие,1.0
1617,мсб,1.0
1618,мсп,1.0
1619,небольшой,2.0
1620,производитель,2.0
1621,самозанятой,1.0
1622,средний бизнес,2.0
1623,тендер,1.0
1624,фермерский,1.0
1625,фермер,1.0
1626,фирма,1.0
1627,выделять,1.0
1628,дискриминация,5.0
1629,квота,2.0
1630,льгота,2.0
1631,помогать,2.0
1632,содействие,6.0
1633,подрядчик,2.0
1634,права человек,1.0
1635,субподрядчик,1.0
1636,дискриминация,5.0
1637,женщина,2.0
1638,меньшинство,1.0
1639,несовершеннолетний,1.0
1640,принудительный,3.0
1641,рабочий деть,1.0
1642,рабский,1.0
1643,соблюдение,7.0
1644,трудовой кодекс,2.0
1645,трудовый отношение,1.0
1646,условия труд,1.0
1647,отслеживание,2.0
1648,сертификация,2.0
1649,устойчивое развитие,1.0
1650,вода,45.0
1651,воздух,7.0
1652,загрязнение,2.0
1653,зелёный,4.0
1654,климат,5.0
1655,отход,10.0
1656,отход,10.0
1657,цур,4.0
1658,парниковый газ,17.0
1659,углеродоемкость,1.0
1660,повторный использование,7.0
1661,потребление пресной вод,1.0
1662,безотходное производство,1.0
1663,экологическая система,1.0
1664,внешнее партнёрство,1.0
1665,контрагент,1.0
1666,межбизнес-проект,1.0
1667,совместный решение,1.0
1668,унифицировать,1.0
1669,унифицировать,1.0
1670,закупочный деятельность,1.0
1671,отслеживание,2.0
1672,сертификация,2.0
1673,этичный,4.0
1674,этика,15.0
1675,антикоррупционый,1.0
1676,антикоррупция,1.0
1677,взятка,4.0
1678,закупочный,1.0
1679,закупочный деятельность,1.0
1680,конкуренция,2.0
1681,контрагент,1.0
1682,конфликт интерес,7.0
1683,коррупционер,1.0
1684,коррупционный,2.0
1685,коррупция,13.0
1686,ограничение конкуренция,1.0
1687,откат,1.0
1688,противодействие коррупция,4.0
1689,сговор,1.0
1690,документооброт,1.0
1691,доставка,1.0
1692,единственный,2.0
1693,запас,1.0
1694,комлаенс,1.0
1695,коммерция,1.0
1696,манипулирование,1.0
1697,монополия,1.0
1698,некоммерческий,2.0
1699,неконкурентный,1.0
1700,необоснованный,1.0
1701,необъективный,1.0
1702,объем закупка,1.0
1703,объём закупка,2.0
1704,партнёрство,1.0
1705,партнёрство,1.0
1706,платформа,2.0
1707,победитель,1.0
1708,подрядный,6.0
1709,подрядчик,2.0
1710,подставной,1.0
1711,политика по комплаенс,1.0
1712,положение закупка,1.0
1713,портал,1.0
1714,порядочность,2.0
1715,преступление,1.0
1716,продавец,2.0
1717,производитель,2.0
1718,происхождение,1.0
1719,противодействие,6.0
1720,расходный,1.0
1721,регулировать,2.0
1722,сделка,1.0
1723,снабжение,1.0
1724,стандарт закупка,1.0
1725,субподрядный,1.0
1726,субподрядчик,1.0
1727,товар,2.0
1728,торговый площадка,1.0
1729,траспорт,1.0
1730,траспортировка,1.0
1731,фиктивный,1.0
1732,фирма,1.0
1733,честность,2.0
1734,электронный ,1.0
1735,электронный средство ,1.0
1736,этичный,4.0
1737,этика,15.0
1738,акционер,1.0
1739,диалог,2.0
1740,инвестор,13.0
1741,информировать,3.0
1742,муниципальный,3.0
1743,налаживать,1.0
1744,некоммерческая организация,1.0
1745,нко,1.0
1746,общественная организация,1.0
1747,общественные слушание,1.0
1748,опрос,1.0
1749,орган властить,1.0
1750,покупатель,3.0
1751,противодействие,6.0
1752,традиционный,2.0
1753,ансамбль,1.0
1754,ассоциация,1.0
1755,биоресурсы,1.0
1756,больной,1.0
1757,вепс,1.0
1758,гонка,1.0
1759,декоративно-прикладной,1.0
1760,декоративный,1.0
1761,дети-инвалид,1.0
1762,железнодорожный,1.0
1763,идентичность,1.0
1764,исконный,1.0
1765,искусство,1.0
1766,исследовательский,2.0
1767,карельский,1.0
1768,каслание,1.0
1769,кмн,1.0
1770,кмнс,1.0
1771,консультация,1.0
1772,коренный малочисленный народ север,1.0
1773,крайний север,1.0
1774,лечебно-диагностический,1.0
1775,лечебный,1.0
1776,лечение,1.0
1777,литература,1.0
1778,ловля,1.0
1779,малая народность,1.0
1780,маломобильный,4.0
1781,малый народ,1.0
1782,манси,1.0
1783,мастер-класс,1.0
1784,медицинский,1.0
1785,мода,1.0
1786,молодёжь,1.0
1787,народно-художественный,1.0
1788,народность,1.0
1789,нация,1.0
1790,ненецкий,1.0
1791,ненец,1.0
1792,нивх,1.0
1793,образ жизнь,1.0
1794,обратная связь,1.0
1795,община,2.0
1796,оленевод,1.0
1797,оленеводческий,1.0
1798,олень,2.0
1799,партнёрство,1.0
1800,партнёрство,1.0
1801,переселение,4.0
1802,переселять,1.0
1803,перечисление,1.0
1804,перечислять,1.0
1805,помор,1.0
1806,понимать,1.0
1807,право,23.0
1808,праздник,1.0
1809,предок,1.0
1810,проезд,2.0
1811,промысел,1.0
1812,профориентация,1.0
1813,пудожан,1.0
1814,равноправие,1.0
1815,расселение,1.0
1816,реабилитация,1.0
1817,ребенок-инвалид,1.0
1818,ремесло,1.0
1819,родиться,1.0
1820,родовой,1.0
1821,росрыболовство,1.0
1822,рыбный,1.0
1823,рыбодобывающий,1.0
1824,рыболовство,1.0
1825,саам,1.0
1826,северный,2.0
1827,селькуп,1.0
1828,сельскохозяйственный,2.0
1829,собачий упряжка,1.0
1830,соблюдение,7.0
1831,соревнование,1.0
1832,специфичный,1.0
1833,спорт,1.0
1834,спортивный,1.0
1835,стимулировать,1.0
1836,ткачество,1.0
1837,тундровик,1.0
1838,упряжка,1.0
1839,уязвимый,1.0
1840,фестиваль,1.0
1841,хант,1.0
1842,хозяйствование,1.0
1843,художественный,1.0
1844,эвенк,1.0
1845,эвен,1.0
1846,экспедиция,1.0
1847,этнолокальный,1.0
1848,этнофестиваль,1.0
1849,язык,2.0
1850,декларация оон,2.0
1851,волонтёр,1.0
1852,волонтерство,1.0
1853,волонтёрство,1.0
1854,некоммерческий,2.0
1855,батарейка,1.0
1856,берег,1.0
1857,ветеран,1.0
1858,вода,45.0
1859,военно-исторический,1.0
1860,волонтёр,1.0
1861,волонтёрский,1.0
1862,волонтёрский,1.0
1863,воспитаника,1.0
1864,движение,1.0
1865,дерево,1.0
1866,ребёнок,2.0
1867,добровольческий,1.0
1868,добровольчество,1.0
1869,дом-интернат,1.0
1870,донор,1.0
1871,донорство,1.0
1872,заболевание,1.0
1873,зооволонтерство,1.0
1874,интернат,1.0
1875,кровь,1.0
1876,культурно-просветительский,1.0
1877,общественный,2.0
1878,отход,10.0
1879,память,1.0
1880,патриотический,1.0
1881,пенсионер,1.0
1882,подарок,2.0
1883,подшефный,1.0
1884,пожертование,1.0
1885,пожилой,1.0
1886,попечение,1.0
1887,посадить,1.0
1888,приют,1.0
1889,реабилитационный,1.0
1890,река,13.0
1891,родитель,1.0
1892,сад,2.0
1893,сбор,1.0
1894,субботник,1.0
1895,территория,14.0
1896,уборка,1.0
1897,фонд поддержка,1.0
1898,школа-интернат,1.0
1899,школьник,1.0
1900,экосубботник,1.0
1901,экспертный,1.0
1902,благотворительность,1.0
1903,инвестиция,2.0
1904,пожертвование,1.0
1905,развитие территория,1.0
1906,pr,1.0
1907,адресный,1.0
1908,бассейн,1.0
1909,безвозмездный,1.0
1910,благостостояние,1.0
1911,благотворительный,1.0
1912,благоустраивать,1.0
1913,благоустройство,1.0
1914,бюджет,1.0
1915,бюджетирование,1.0
1916,великая отечественная войный,1.0
1917,ветеран,1.0
1918,восстановить,2.0
1919,востребованность,1.0
1920,востребовать,1.0
1921,всесторонний,1.0
1922,выставка,1.0
1923,выставочный,1.0
1924,город,2.0
1925,грант,1.0
1926,грантовый,1.0
1927,гуманитарный,1.0
1928,ребёнок,2.0
1929,детский,2.0
1930,детство,1.0
1931,детство,1.0
1932,диалог,2.0
1933,домашний,1.0
1934,женщина,2.0
1935,жительство,1.0
1936,заботиться,4.0
1937,занятие,1.0
1938,здравохранение,1.0
1939,игровой,1.0
1940,идентичность,1.0
1941,имущественный ,1.0
1942,интеллектуальный,2.0
1943,инфраструктурный,2.0
1944,искусство,1.0
1945,канал связь,2.0
1946,качество жизнь,1.0
1947,коллектив,4.0
1948,коммуницировать,1.0
1949,комфортный,2.0
1950,консультация,1.0
1951,корпоративный сайт,1.0
1952,кризис,1.0
1953,кризисный,1.0
1954,лечебный,1.0
1955,малый,6.0
1956,массовый,2.0
1957,масштаб,1.0
1958,материально-технический,1.0
1959,межтерриториальный,1.0
1960,мемориал,1.0
1961,место,4.0
1962,молодёжный,1.0
1963,молодёжь,1.0
1964,мсп,1.0
1965,музей,1.0
1966,муниципальный,3.0
1967,намерение,2.0
1968,насилие,1.0
1969,настроение,1.0
1970,наука,1.0
1971,научный,3.0
1972,неблагополучный,1.0
1973,незащищённый,1.0
1974,несовершеннолетний,1.0
1975,обосновать,1.0
1976,обосновывать,2.0
1977,образование,4.0
1978,обустройство,2.0
1979,общественный,2.0
1980,объединение,1.0
1981,оздоровительный,1.0
1982,озеленение,1.0
1983,окружающая среда,1.0
1984,опрос,1.0
1985,оснащать,1.0
1986,отдых,2.0
1987,открытие,1.0
1988,отремонтировать,1.0
1989,отселение,1.0
1990,перечисление,1.0
1991,перечислять,1.0
1992,перспектива,6.0
1993,перспективный,1.0
1994,планирование,4.0
1995,подростковый,1.0
1996,подросток,1.0
1997,пожертвовать,1.0
1998,поликлиника,2.0
1999,положительный,2.0
2000,посещение,2.0
2001,пособие,1.0
2002,правонарушение,1.0
2003,предпринимательство,2.0
2004,предынвестиционный,1.0
2005,президентский,1.0
2006,пресс-служба,1.0
2007,приют,1.0
2008,проектирование,2.0
2009,просветительский,1.0
2010,пространство,1.0
2011,профилактика,2.0
2012,психологический,1.0
2013,развивающийся,1.0
2014,реабилитационный,1.0
2015,реабилитация,1.0
2016,результативность,1.0
2017,ремонтный,2.0
2018,родильный,1.0
2019,саморегулируемый,1.0
2020,связь с общественность,1.0
2021,семейный,1.0
2022,семья,1.0
2023,сирота,1.0
2024,сиротство,1.0
2025,слушание,1.0
2026,совместный,1.0
2027,софинансирование,1.0
2028,софинансировать,1.0
2029,сохранение,23.0
2030,социальная сеть,1.0
2031,социально,1.0
2032,социально-экономический,1.0
2033,специалист,2.0
2034,спонсор,1.0
2035,спонсорский,1.0
2036,спорт,1.0
2037,спортивный,1.0
2038,среднесрочный,5.0
2039,страница,2.0
2040,студент,2.0
2041,студенческий,1.0
2042,талант,1.0
2043,талантливый,1.0
2044,творческий,1.0
2045,творчество,1.0
2046,театральный,1.0
2047,торжественный,1.0
2048,трудный,1.0
2049,трудный,1.0
2050,улучшать,2.0
2051,управлять,2.0
2052,учреждение,1.0
2053,уязвимый,1.0
2054,физический,1.0
2055,физкультура,1.0
2056,фонд,2.0
2057,шефский,1.0
2058,эксперт,3.0
2059,экстренный,1.0
2060,эффект,4.0
2061,юридический,1.0
2062,актуализация,2.0
2063,глобальный договор оон,4.0
2064,значимость,2.0
2065,значимый,2.0
2066,конкурс,1.0
2067,лидер,1.0
2068,лидер корпоративный социальный ответственность,1.0
2069,номинация,2.0
2070,общественный слушание,1.0
2071,объем социальных инвестиция,1.0
2072,объём социальных инвестиция,1.0
2073,ожидание,1.0
2074,открытый,2.0
2075,топ-лист,1.0
2076,форум донор,1.0
2077,аудитор,5.0
2078,аудиторский,3.0
2079,достоверность,1.0
2080,заключение,5.0
2081,корпоративный отчёт,1.0
2082,надзор,2.0
2083,нефинансовый отчёт,1.0
2084,объективность,1.0
2085,открытость,1.0
2086,поведение,8.0
2087,подотчётность,1.0
2088,проверять,1.0
2089,существенный ,1.0
2090,финансовый отчёт,1.0
2091,готовность,1.0
2092,директорат,1.0
2093,дисциплина,1.0
2094,доверять,1.0
2095,доклад,2.0
2096,единство,1.0
2097,заверение,3.0
2098,значимость,2.0
2099,иностранный,1.0
2100,инспекция,1.0
2101,консолидация,1.0
2102,контролёр,1.0
2103,контрольный,6.0
2104,коррупционный,2.0
2105,коррупция,13.0
2106,критический,3.0
2107,лидер,1.0
2108,лидерский,1.0
2109,лидерство,1.0
2110,менеджмент,10.0
2111,меняться,2.0
2112,наблюдатель,1.0
2113,наружное,1.0
2114,независимость,1.0
2115,обязательность,1.0
2116,ожидание,1.0
2117,осведомлённость,2.0
2118,периодичность,1.0
2119,преемственность,1.0
2120,презентация,4.0
2121,проверять,1.0
2122,проверяться,1.0
2123,ревизионный,2.0
2124,ревизия,1.0
2125,регулировать,2.0
2126,регулироваться,1.0
2127,регулятор,1.0
2128,регуляторный,2.0
2129,рисковой,3.0
2130,сопоставимость,1.0
2131,стандартизация,1.0
2132,уверенный,1.0
2133,уникальность,1.0
2134,управленец,1.0
2135,управляемость,1.0
2136,управляемый,1.0
2137,управлять,2.0
2138,целостность,1.0
2139,ir,1.0
2140,дивиденд,3.0
2141,дивидендный,3.0
2142,инвестор,13.0
2143,акционер,1.0
2144,внеочередной,2.0
2145,депозитарный,1.0
2146,инвестиция,2.0
2147,листинг,4.0
2148,лондонский,3.0
2149,портфель,1.0
2150,право голос,1.0
2151,прибыль,3.0
2152,привилегированный,1.0
2153,рейтинг,1.0
2154,собрание,4.0
2155,справедливый,2.0
2156,ценный бумага,1.0
2157,делистинг,2.0
2158,еврооблигация,1.0
2159,доходный,1.0
2160,кредитование,1.0
2161,кредитор,1.0
2162,брокер,1.0
2163,дефолт,1.0
2164,задолженность,1.0
2165,лизинговый,1.0
2166,капитал,1.0
2167,инвестпроект,2.0
2168,инвестпрограмма,1.0
2169,ликвидность,2.0
2170,инновация,5.0
2171,инновационый,1.0
2172,инновационность,1.0
2173,патент,1.0
2174,патентный,1.0
2175,новаторский,1.0
2176,инвестпрограмма,1.0
2177,уникальный,2.0
2178,технологически,3.0
2179,запатентованый,1.0
2180,открытость,1.0
2181,ресурсный,1.0
2182,изобретатель,1.0
2183,открытие,1.0
2184,модернизировать,1.0
2185,биотехнология,1.0
2186,кибербезопасность,1.0
2187,атака,1.0
2188,защищённость,1.0
2189,уязвимость,1.0
2190,всеобщая декларация прав человек,1.0
2191,защита права человек,1.0
2192,нарушение права,1.0
2193,политика по,1.0
2194,право,23.0
2195,соблюдение,7.0
2196,человек,21.0
2197,анонимно,1.0
2198,анонимный,3.0
2199,генеральная ассамблея оон,1.0
2200,глобальный договор,5.0
2201,горячая линия,1.0
2202,декларация,9.0
2203,дискриминация,5.0
2204,дискриминация,5.0
2205,защищать,1.0
2206,инклюзивность,2.0
2207,инклюзия,1.0
2208,информировать,3.0
2209,исключить,2.0
2210,канал обращение,1.0
2211,кодекс,1.0
2212,митигация,1.0
2213,нарушать права,1.0
2214,пол,3.0
2215,признавать,1.0
2216,признание,2.0
2217,принудительный,3.0
2218,равный возможность,3.0
2219,расовый,3.0
2220,расследование,1.0
2221,реагирование,1.0
2222,реагировать,2.0
2223,реализация потенциал,3.0
2224,религия,3.0
2225,следить,3.0
2226,строго соответствие,2.0
2227,уважать,9.0
2228,уважение,1.0
2229,условия труд,1.0
2230,физический,1.0
2231,достоинство,2.0
2232,кодекс,1.0
2233,лидер,1.0
2234,человек,21.0
2235,этика,15.0
2236,этические ценность,1.0
2237,этический ,1.0
2238,этический лидерство,1.0
2239,автономный,1.0
2240,авторитет,1.0
2241,авторитетный,1.0
2242,административный,1.0
2243,администратор,1.0
2244,администрация,1.0
2245,владелец,4.0
2246,владеть,2.0
2247,вовлечённость,1.0
2248,возглавлять,1.0
2249,вознаграждение,2.0
2250,выдержка,1.0
2251,гибко,1.0
2252,главный,1.0
2253,годовщина,1.0
2254,департамент,2.0
2255,дивизион,1.0
2256,директива,2.0
2257,дирекция,2.0
2258,дисциплина,1.0
2259,длительность,1.0
2260,документооборот,4.0
2261,долговременный,1.0
2262,должность,1.0
2263,единомышленник,1.0
2264,замедление,1.0
2265,заместитель,1.0
2266,звание,1.0
2267,иерархия,1.0
2268,индивидуально,1.0
2269,инсайдер,1.0
2270,инстанция,1.0
2271,интервал,1.0
2272,инцидент,1.0
2273,коллектив,4.0
2274,компетентность,1.0
2275,компетентный,1.0
2276,компетенция,1.0
2277,консультант,2.0
2278,консультативный,4.0
2279,координатор,1.0
2280,лауреат,1.0
2281,лидерский,1.0
2282,лидерство,1.0
2283,лидировать,1.0
2284,личность,1.0
2285,менеджер,2.0
2286,менеджерский,1.0
2287,менеджмент,10.0
2288,мотивация,2.0
2289,мотивированный,1.0
2290,мотивировать,1.0
2291,награда,1.0
2292,награждение,1.0
2293,нравственный,1.0
2294,организационный,2.0
2295,оргкомитет,1.0
2296,ориентир,1.0
2297,ответственно,2.0
2298,отдел,2.0
2299,периодичность,1.0
2300,подчинение,2.0
2301,подчинённый,1.0
2302,поручить,1.0
2303,правительство,2.0
2304,преемник,1.0
2305,преемственность,1.0
2306,претендент,1.0
2307,приказ,2.0
2308,продление,1.0
2309,профессионализм,2.0
2310,рационализатор,1.0
2311,рационализация,1.0
2312,реагирование,1.0
2313,репутационный,2.0
2314,руководить,1.0
2315,саморазвитие,1.0
2316,самостоятельно,2.0
2317,собрание,4.0
2318,собственник,1.0
2319,советник,1.0
2320,совещание,1.0
2321,согласиться,1.0
2322,согласование,2.0
2323,согласовать,1.0
2324,сомнительный,1.0
2325,сопоставимость,1.0
2326,сопровождение,2.0
2327,уважение,1.0
2328,управляемость,1.0
2329,управляемый,1.0
2330,управлять,2.0
2331,устойчивость,2.0
2332,характеризовать,1.0
2333,членство,1.0
2334,экспертиза,1.0
2335,авария,2.0
2336,будущее,2.0
2337,будущий,2.0
2338,вероятность,7.0
2339,возникновение,1.0
2340,карта риск,7.0
2341,надёжный,1.0
2342,опасность,1.0
2343,предупреждать,1.0
2344,прогноз,2.0
2345,прогнозирование,1.0
2346,прогнозировать,1.0
2347,риск менеджмент,1.0
2348,стабильно,1.0
2349,стабильность,3.0
2350,стабильный,1.0
2351,угроза,1.0
2352,управление риск,29.0
2353,ущерб,1.0
2354,tcfd,2.0
2355,аварииный,1.0
2356,аварийность,1.0
2357,амортизация,1.0
2358,безопасно,1.0
2359,важность,2.0
2360,валютный,1.0
2361,верификация,2.0
2362,внеплановый,1.0
2363,внешнеторговый,1.0
2364,вознаграждение,2.0
2365,возникнуть,1.0
2366,гарантийный,1.0
2367,гарантия,3.0
2368,главный,1.0
2369,готовность,1.0
2370,дефолт,1.0
2371,доверительный,2.0
2372,доверять,1.0
2373,достоверность,1.0
2374,заранее,2.0
2375,застраховать,1.0
2376,защитный,1.0
2377,защищённость,1.0
2378,инвестирование,1.0
2379,инвестировать,1.0
2380,инвестировать,1.0
2381,инвестиция,2.0
2382,инвестор,13.0
2383,инвестпрограмма,1.0
2384,инвестпроект,2.0
2385,инновационность,1.0
2386,иностранный,1.0
2387,инфляция,3.0
2388,катастрофа,1.0
2389,коэффициент,2.0
2390,кризисный,1.0
2391,критический,3.0
2392,надёжно,1.0
2393,надёжность,2.0
2394,наступление,7.0
2395,недвижимость,1.0
2396,незащищённый,1.0
2397,неопасный,1.0
2398,непредвиденный,1.0
2399,нестабильность,1.0
2400,нестабильный,1.0
2401,номинальный,1.0
2402,обеспеченность,1.0
2403,обесценение,1.0
2404,обесценить,1.0
2405,облучение,1.0
2406,объективность,1.0
2407,ожидание,1.0
2408,ожидать,2.0
2409,ожидаться,2.0
2410,опасение,2.0
2411,оповещение,1.0
2412,открытость,1.0
2413,отражаться,1.0
2414,охранный,2.0
2415,охранять,13.0
2416,переоценка,3.0
2417,переходный,1.0
2418,периодичность,1.0
2419,планирование,4.0
2420,плановый,1.0
2421,планомерный,1.0
2422,повреждение,2.0
2423,пожар,2.0
2424,постоянный,1.0
2425,предварительный,4.0
2426,предельный,2.0
2427,предписание,1.0
2428,предполагаться,1.0
2429,предстоящий,2.0
2430,предупредить,2.0
2431,предшествовать,1.0
2432,преемственность,1.0
2433,приоритетность,1.0
2434,прогнозный,2.0
2435,происшествие,2.0
2436,проявление,2.0
2437,разрушение,1.0
2438,расчётный,3.0
2439,реагент,1.0
2440,регенерация,1.0
2441,рейтинг,1.0
2442,риск устойчивого развитие,1.0
2443,рисковой,3.0
2444,сбережение,1.0
2445,событие,7.0
2446,содержаться,2.0
2447,сохранение,23.0
2448,сохранность,1.0
2449,страхование,2.0
2450,страховка,1.0
2451,страховой,4.0
2452,страховщик,1.0
2453,суверенный,1.0
2454,текст,2.0
2455,травма,1.0
2456,травматизм,1.0
2457,травмирование,1.0
2458,убыток,1.0
2459,уверенно,1.0
2460,уверенный,1.0
2461,уникальность,1.0
2462,уязвимость,1.0
2463,факторинг,1.0
2464,физический,1.0
2465,характеризовать,1.0
2466,шанс,1.0
2467,горячая линия,1.0
2468,кодекс,1.0
2469,кодекс поведение,5.0
2470,кодекс этика,1.0
2471,менеджер комплаенс,1.0
2472,менеджер этика,1.0
2473,этика,15.0
2474,этический кодекс,1.0
2475,антикоррупционный,9.0
2476,антикоррупция,1.0
2477,борьба,1.0
2478,незаконный,1.0
2479,взыскание,1.0
2480,взяточничество,5.0
2481,выявленный ущерб,1.0
2482,дисциплинарный,1.0
2483,добросовестность,3.0
2484,домогательство,1.0
2485,достоинство,2.0
2486,злоупотребление,1.0
2487,избегать,4.0
2488,инициатива прозрачности добывающих отрасль,1.0
2489,конфликт интерес,7.0
2490,корпоративный этика,13.0
2491,коррупция,13.0
2492,коррупция,13.0
2493,мошенничество,7.0
2494,наказание,1.0
2495,недостаток,1.0
2496,неприменение,1.0
2497,неэтичное поведение,1.0
2498,нормативный разработка,1.0
2499,оборот денежных средство,1.0
2500,посягательство,1.0
2501,правомочный,1.0
2502,преследование,1.0
2503,расследование,1.0
2504,рецидив,1.0
2505,руководство по этика,1.0
2506,социальная ответственность,1.0
2507,справедливость,3.0
2508,тренинг,3.0
2509,увольнение,3.0
2510,уголовный наказание,1.0
2511,укреплять,1.0
2512,уполномоченный,3.0
2513,управление этика,1.0
2514,уязвимый,1.0
2515,этический ,1.0
2516,злоупотреблять,1.0
2517,амбассадор,1.0
2518,корпоративное управление,1.0
2519,независимый директор,3.0
2520,акционер,1.0
2521,ведущий ,1.0
2522,выражение,1.0
2523,высказать мнение,1.0
2524,гендерный,1.0
2525,женщина,2.0
2526,иметь право,1.0
2527,инклюзивность,2.0
2528,компетенция,1.0
2529,лучший практика,1.0
2530,международный практика,1.0
2531,меньшинство,1.0
2532,отношение ,1.0
2533,равный ,1.0
2534,разнообразие ,1.0
2535,российский практика,5.0
2536,соблюдать ,1.0
2537,собрание акционер,3.0
2538,справедливый ,1.0
2539,учет интерес,1.0
2540,учет интересов всех,1.0
2541,учет интересов миноритарный,1.0
2542,эффективное управление,1.0
2543,кодекс корпоративного управление,1.0
2544,лучшие практика,1.0
2545,каскадирование ,1.0
2546,этика,15.0
2547,этичность,1.0
2548,esg рейтинг,1.0
2549,гендерный равенство,1.0
2550,достойный работа экономический рост,1.0
2551,импакт,1.0
2552,качественный образование,1.0
2553,ликвидация голод,1.0
2554,ликвидация нищета,1.0
2555,мир правосудие,1.0
2556,оон,2.0
2557,организация объединенный нация,1.0
2558,организация объединённый нация,1.0
2559,ответственный потребление,1.0
2560,партнерство в интересах устойчивого развитие,1.0
2561,повестка,1.0
2562,рейтинг esg,1.0
2563,сохранение морских экосистема,1.0
2564,сохранение экосистем сушить,1.0
2565,уменьшение неравенство,1.0
2566,управление устойчивый развитие,2.0
2567,устойчивый город,1.0
2568,хорошее  здоровье и благополучие,1.0
2569,цур,4.0
2570,цур оон,1.0
2571,чистая вода и санитарий,1.0
2572,чистый энергия,4.0
2573,борьба с изменением климат,1.0
2574,внедрять ,1.0
2575,выбрать,2.0
2576,"индустриализация, инновации и инфраструктр",1.0
2577,метрика,2.0
2578,перспектива,6.0
2579,соответствовать ,1.0
2580,управлять,2.0
2581,фокусный,1.0
2582,iso 14001,4.0
2583,science based targets initiative sbti,1.0
2584,верификация,2.0
2585,целевый показатель,1.0
2586,система экологического менеджмент,1.0
2587,сэм,8.0
